TEXT,BROWSE_NODE_ID
rayon printed straight kurta palazzo woman handloom kurta palazzo woman kurti palazzo womanexplore collection beautifully designed kurti botom piece elegantly crafted surely add wardrobe pair piece heel flat graceful look apparel handmade weaver slight irregularity design color sign handwoven piece kurti soft light comfortable drape melange timeless tradition contemporary style kurti broughthandloom apparel note design may little vary every kurti might minor colour variation actual product image shown screen due lighting photography handmade occasion casual festive fit type slim fit item length knee long type sleeve sleeve neck style round matetrial rayon colour beige brown weave style weaving style employ resist dyeing technique impart color yarn interlacement fabric woven technique show feathered hazy pattern wonderful classic wayyp,1251
gold plated flute peacock feather shape metal sticker stick flat surfacenbsp flute amp peacock feather golden metal sticker pack nbsp nbsp sticker size height width sticker plated carat gold using machine technology fully engraving metal sticker micro detail feel hand sticker enhances charm sticking various nbsp surface like mobile laptop computer refrigerator home door diary water bottle amp flat surface sticker characteristic one paste look incredibly attractive everyone eye attracted see product product designed amp produced india customer satisfaction always tend deliver happiness query let know first via order pagegold plated metal sticker stick surface size colour gold use sticker mobile laptop computer refrigerator home door notebook diary hard disk water bottle switchboard vehicle etcdharu,15199
men woman canvas elastic fabric woven stretch braided beltmen woman woven canvas elastic waist belt canvas woven belt breathable season waist say goodbye sticky sweat elastic woven belt feature soft elastic woven polyester blend high quality smooth solid alloy buckle woven belt perfect men woman casual uniform suitable occasion whether indoor party outdoor sporthigh quality buckle bright solid metal fastening polyester blend soft elastic waist shiny smooth metal head buckled position belt fully fit comfort material elastic fabric provides smooth unrestricted adjustment waist perfectly tight feel support pant also wrap arm durable elegant woven belt elastic woven polyester blended material strong flexible suitable occasion casual casual match suitable young people simple convenient paired pant dark solid color easy matching golf pant jean business casual panthgkj,2943
woman cotton straight kurti plazzobeautiful kurti palazzo made cotton fabric mustard color beautiful straight kurti kurta set designed keeping mind latest trend contemporary casual fashion dress combine ethnic fashion today make stand among others adornkurta fabric cotton palazzo fabric cotton neck type round neck sleeve type sleeve item length calf long please click brand name aania product disclaimer slight color variation possible due photographic effect printing limitationgmi,1251
swiss tempelle 250mlingredient fusion help purify skin specially crafted men peppermint soothes skin hydrate hair oak help cleanse hair skin swiss formula paraben freeswiss tempelle,411
silicone made printed back cover cover samsung galaxyrubber cover printed advanced printing tech print case excellent finishing layer cover cover made good quality thermoplastic polyurethane sort rubber material stretching property make cover soft printablesamsung galaxy print case excellent finishingand good quality ink cover made good quality thermoplastic polyurethane sort rubber material stretching property make cover soft printable extremely lite weight provides essential protection minor bump fall also offer snug tight fit provides also proper cut out access port button camera brand new line impact resistant case designed value quality protection phone caseshaivya,1045
woman lady cotton hipster brief bikini woman panty plain lace panty combo packmaxter woman hipster panty pure stretch hipster soft cotton gusset fitted next skin without squeeze tagless construction anti microbial technology keep gear fresher longer fuller back suitable amount coverage made soft lace extremely comfortable perfect long day still leave feeling nice comfortable feature fit perfectly size color fade vibrant lively colour starry design meant everyday wear piece comfortable well feminine making perfect choice hipster panty give fuller shape fit curve provides full rear cover styled look great give great comfort day night design simply product give comfort beauty lovely panty vibrant colour hot sexy hipster panty woman girl panty elegant comfortable regular wear panty must everyday lingerie drawer enjoy every day indian bird lingerie hipster soft cotton blend ensures comfort fit freedom movement day long woman appreciates attractive styling compromise ease wear fit hygienesoft fabric comfortable fit material lovely thick good quality well made easy care fabric mean need bring two trip hipster offer coverage bikini comfortable durable fabric stretch trimmed elastic waistband soft elastic leg opening snug fit avaiable size small medium large extra large double triple fourmaxter,852
artikel multi purpose laptop table cup holder dock stand study table bed table foldable portable ergonomic rounded edge non slip leg ergo series ebony woodartikel ergo multi purpose laptop table cup holder dock stand study table bed table foldable portable ergonomic rounded edge non slip leg engineered wood table top made selected high quality medium density fibreboard enclosed high pressure high grade wooden laminate heat resistant scratch proof spill proof leg table made rust proof powder coated aluminium known high strength application leg connected table bracket made virgin plastic table convenient used bed book stand notebook table perfect surfing internet eating food reading homework bed sofa table floor product detail overall dimension unfolded folded weight approx package includes artikel multi purpose laptop desk cup holder dock stand legal disclaimer image product digital image may color variation depending upon various device screen actual product color may vary slightly table compatible size laptop smartphones tablet available marketwork watch study eat multi purpose table used laptop stand smart phone tablet electronic device desk used work laptop comfort sitting floor sofa bed dock stand used holder phone tablet watch favourite movie show also used study table keep book note design table also make table perfect fit bed breakfast table ergonomically designed universally compatible lap desk multi functional used office home home office workstation standing desk office work snack tray watching laptop tablet stand relaxing bed food table enjoy breakfast bed edge smoothly finished optimum height table ensures device screen line sight allowing maintain better posture without back neck stiffness pre assembled foldable portable assembly required ready right box easy fold could put table behind door corner home use 60x40x5 folded folded table portable dock stand double handle carry table convenient location scratch resistant spill proof surface table covered high pressure laminate scratch spill proof make lap desk also used kid desk writing desk study desk home office desk etc apart used laptop table bed sofa robust material table made medium density fibreboard high load bearing strength impact resistant feature folding leg made powder coated aluminium make rust proof dock hinge made high density plastic achieve balance light weight high strength making feasible option kid folding table table compatible size laptop phone tabletartikel,8802
abhsant folding grocery portable wheel shopping trolley basket aluminium folding luggage rollingstrong folding portable shopping basket cart trolley trailer four wheel aluminum strong strong feature strong easy carry foldable luggage trolley lightweight durable rustproof shopping luggage trolley smooth rolling rubber tyre material aluminum alloy tube frame stainless steel basket aluminium basket folding portable shopping cart trolley trailer strong specification strong material aluminum alloy color silver max load approx package content shopping cartlightweight high capacity capacity fold storage stainless easy clean gift family cart climb stair mute quality durable wheel quality aluminum frame bold structure stableabhsant,25109
zoet double chocochip cookychocolate cooky chocolate chip could get betterzoet double chocochip cooky chocolate cooky chocolate chip could get better shelf lifezoet,8513
twiclo callus dead dry skin remover footuse start removing emery pad cover lifting one side plug micro connector end supplied cable charging port plug end cable nbsp wall adapter plug adapter wall outlet turn holding power button second unit position speed low achier high speed click power button holding securely gently press emery pad thickest area dead skin want remove slowly move outwards towards healthy skin nbsp cheek intermittently desired result new healthy skin revealed callus removed stop use switch clean start removing emery pad following instruction change emery pad emery pad beclouded running warm water allow emery pad air dry attempt clean main unit running underwater clean main unit wipe soft damp cloth one emery pad removed turn cover counter clock wise open shaving slowly remove circular sponge filter chamber rinse filter warn water allow air dry clean remaining skin shaving sour chamber provided shaving remover brush caber fully cleaned replace circular filter shaving chamber cover amp emery pad securely specification brand name twiclo color multi material fiber sizecallus remover instantly remove dry dead skin uncomfortable callus heel sol toe hand one foot callus remover rechargeable battery one buffing head baby soft foot instantly remove dry dead skin uncomfortable callus heel sol toe hand callus eliminator built vacuum buff away suck dead skin time rechargeable battery let use anywhere perfect getting soft sexy foot home office car anywhere elsetwiclo,521
case creation compatible samsung a70s anti blue temper glass flexible tempered screen scratch protector block excessive harmful blue light reduce eye fatigue eye straincase creation anti blue screen protector often called anti mirror reflection screen protector two aspect image quality clarity contrast category anti mirror blue screen protector typically suffer contrast brightness grainy image many might know anti reflection screen protector also resistive scratch anti mirror blue surface easy get dirty plain mirror surface best protection device available date feel purity real glass clarity resolution loss exceptional impact scratch resistance superb reduction mirror like reflection improved viewing bright light smooth touch screen feel case creation protect eye health anti mirror blue light tempered glass screen protector tempered glass act sun glass mobile see screen even bright sun major advantage design eye health anti blue light filter tempered glass screen protector prevent eye retina eye fatigue causing blue ray phone screen assist better sleep since could soften screen light comfort eye ultra transparent round edge touch screen accuracy delicate touch high hardness impact resistance anti shatter film sharp even broken safer ultra thin glass give mobile screen sensation finger step step clean screen wet wipe dry dry wipe step peel protective mask protector sure touch sticky silicone side protector step align cutout correctly place protector screen press hold index finger second center screen complete silicone adhesion squeeze air bubble starting center screen wide outwards bubble remains edge disappear within day charginganti blue light technology filter blue light effectively keep eye healthy tired staring mobile phone panel computer screen long time anti blue light filter tempered glass screen protector prevent eye retina eye fatigue causing blue ray cellphone screen assist better sleep since could soften screen light comfort eye anti fingerprint technology privides user clean clear screen environment also sensitive touching experience enjoy quick responsiveness playing game tempered glass screen protector eliminate glare even derect light reduce glare screen anti smudge surface make fingerprint oil easy stay surface easy clean piece case creation screen protector phone cleaning set beautiful retail package satisfaction case creation free charge feel free contact customer service problemcase creation,374
nextgen cotton carry bag packmanufactured ethically certified manufacturing facility bag finishing inside overlock stitched extra durability long lasting two handle sufficient drop length inch beautiful print bag make best everyday companion sturdy long handle enable carry bag easily hand shoulder perfect everyday shopping need bag crafted carry upto weight eco friendly washable reusable biodegradable replace thousand plastic bag every year simply constructed effective solution put earth first wash instruction natural fabric liable shrink upon wash bag prewashed reduce shrinkage turn bag inside cold wash mild detergent line dry reduce fading extend bag lifematerial cotton fabric strap attached reinforced stitching dimension inch inch weight capacity color natural undyednextgen,4845
pearl eyeflax kumkum bindi deep maroon oval box flapbindi auspicious mark worn young girl woman india also become popular trend outside country bindis wore forehead lot significance spiritual meaning product highlight multi colour multi shape bindis tattoo sticker self adhesive bindi indian fashion woman forehead occasion makeup bindis accented multicolor new fashion design bindis woman also use different unlimited like scrapbooking diy craft decor hobby gifting etcgenuine product clinically tested stick superior gumpearl eyeflax,5135
mahadev furnishing seater net fabric sofa cover setenhance beauty home decor high quality product premium quality sofa cover flawlessly furniture enhance style home set contains long back cover seater sofa long seat cover seater sofa dimension lxw sofa seat cover sofa back cover pls note solid mahadev furnishingsuitable seater sofa cover pack piece quantity material net fabric packaged included long back cover seater sofa long seat cover seater sofa dimension lxw sofa seat cover 176x68 sofa back cover 176x68mahadev furnishings,1684
fashion woman silk blend saree blouse pieceexplore collection beautifully designed saree fashion amazon piece elegantly crafted surely add wardrobe pair piece heel flat graceful looksaree length blouse length content saree blouse piece fabric saree satin georgette blouse jecquard might minor colour variation actual product image shown screen due lighting photography wash care dry cleancs fashion,1052
scotch brite heavy duty glove scotch brite kitchen squeegee wiper white blueproduct made high quality eco friendly rubber product thicker glove product fresh lemon scent product extra long cuff product kitchen counter bathroom glass car wiping product sharp blade clean without streak product ergonomic design product high quality rubberscotch-brite,3503
slipper ortho care orthopaedic comfort slipper flip flop house slipper men blackdoctor extra soft brought family collection keep foot comfortable pair doctor sole footwear men skillfully crafted provide optimum support ailing foot lightweight ergonomically designed support soothe foot suffering orthopedic problem special feature add wonderful slipper chappal shoe closet brought family collection slipper colorful highly attractive look also extremely comfortable wear slipper preventive footwear diabetic foot problem relief heel arch ankle pain soft sole flexible sole better walking comfort extra soft comfortable bottom heel comfort recommended general foot pain discomfort heel pain arch pain plantar fasciitis diabetes back pain blood circulation extra soft doctor slipper mostly used men suffering diabetes plantar fasciitis ortho pain heel pain arch pain ankle pain knee pain back pain doctor slipper men leg pain doctor slipper men soft relax slipper men patient slipper sugar patient slipper men measurement size fit foot length size fit foot length size fit foot length size fit foot length size fit foot length size fit foot length size fit foot length size fit foot lengthdiabetic orthopaedic extra soft padded comfortable cushioned foot bed enhances comfort foot doctor extra soft slipper provides better walking comfort also make walking life easy effortlessly anti skid good rubber grip enables use slipper wet floor tile marble etc rubber sole long lasting provides uninterrupted daily usage medicated soft doctor slipper extra soft doctor slipper mostly used men suffering diabetes plantar fasciitis ortho pain heel pain arch pain ankle pain knee pain back pain slipper also extremely light durable skin friendly skin friendly material crafted made care avoids blister scar sweating foot pain stylish stylish slipper fit lifestyle foot look pretty provides premium look feel foot various colour colourful highly attractive look also give option buy slipper per choice chancedoctor extra soft,810
pantaloon junior girl tribal regular fit shirtcolor name navy material synthetic long sleeve machine washpantaloons junior,896
aunt fannie floor cleaner vinegar wash multi surface cleaneraunt fannie cleaning vinegar floor wash offer non toxic alternative harsh conventional floor cleaner safe use near food kid pet aunt fannie keep home sparkling safe powerful effective cleaning formulasafely mop floor clean multi surface concentrated natural floor cleaner break dirt food grease grime residue left behind rinsing required safe around kid pet intended use sealed floor including hardwood ceramic tile bamboo vinyl laminate awarded highest health safety rating cleaning product environmental working groupaunt fannie's,10075
hard eight stylish dual tone car armrest console black chrome hyundai grand i10 nios sportzdriving hassle tiring premium quality hard eight car arm rest come sliding cushioned top provides good comfort great look car interior along good storage space equipped support plate made good solid plastic provide adjustable height setting compact design obstruct shifting gear usage handbrake required foldedn vertically align front seat must gap front seat car install armrest please make sure car space fixing nut bolt support car arm reststylish dual tone car armrest console provides great look comfort also used keep valuable obstruction hand brake usage shifting gear top cushion great look comforthard eight,1536
electroplating shining ultra thin transparent back case cover apple iphoneprovides attractive latest design case cover new mobile phone ultimate style statement appropriate cutout speaker camera opening give best look cellphone stylish fancy smart backcover perfect fit girl boy color mobile case may differ display image due different resolution trendy soft case cover protect phone scratch dust finger print compact light weight durableeasy installation removal electroplating color provide shine phone creates classy look phone maintains real slimness actual profile smartphone without adding bulk additional accessory premium shiny electroplating transparent back case perfect example stunning look necessary protection one phone look simply amazing stylish cover installed necessary protection time provides easy access functional control perfect cutout sound operational controledgekart,1045
lodge dutch oven liner inch silverset aluminum foil dutch oven liner inch quart lodge camp dutch oven sturdy handle easy lifting carrying serving make clean fast simple heavy gauge aluminum recyclablelodge,35462
campus sutra woman casual denim jacketgain edge jacket house campus sutra winter jacket woman made finest fabric jacket light weight ensure comfort day long jacket woman smart pick paired jean bootmaterial cotton colour brown mustard neck type hooded sleeve type full sleeve pattern solid fit type regular fit casual jacket winter jacket winter wear etc occasion winter light winter light summer gym wear breathable smooth fabric feature bio wash smoothness enzyme treatment colour lock comfortable contour fit soft skin get even better washcampus sutra,3937
magnetic metal frame tempered glass hard back cover built magnet bumper compatible realme prostrong strong two layer protection shock absorbing soft silicone frame protects drop hard back plate protects scratch perfect designed fashion trend phone certified scratch resistant ink strong scratch proof nbsp shock absorbing scratch resistant designed provides long lasting protection scratch scrape easy grip slim profile ultra clear slim transparent protective bumper case body reveals enhances color phonetwo layer protection shock absorbing soft silicone frame protects drop hard back plate protects scratch back glass back front perfect designed fashion trend phone certified scratch resistant ink strong scratch proof high quality shock absorbing scratch resistant designed provides long lasting protection scratch scrape easy grip slim profile slim transparent protective bumper case body reveals enhances original color phoneggico,1045
kashmiri work stolegeneric,1214
total fashion square shape kundan choker bridal traditional necklace jewellery set womantotal fashion modish gold plated choker set woman made alloy woman love jewellery specially traditional jewellery adore woman wear different occasion special importance ring ceremony wedding festive time also wear regular basic make moment memorable range jewel set feature unique one kind traditional embellish antique finishgold plated kundans jewellery set earring wedding party wear necklace jewellery stylish choker necklace set woman latest design traditional jewellery set woman total fashion well known brand across fashion jewellery sector total fashion product preferred many designer star celebrity total fashion jewelry belief making beauty fashion part everybody life total fashion offer high quality jewellerytotal fashion,2140
dennis lingo men slim fit casual shirtshop wide range shirt dennis lingo perfect everyday use could pair stylish pair jean trouser complete lookfabric cotton style regular neck style button front pattern checkered sleeve type full sleevedennis lingo,1024
creation garment facial nose cold cough portable handheld steamer brush multicolourmini steam iron ideal iron carry along travel easy pack portable fabric steamer convenient easy way ironing clothes small mighty device make wrinkle busting quick fun activity look forward plug within minute ready iron clothes non stop minute come foot long wire indian adapter need hanger place hang clothes start ironinggarment steamer iron extremely easy use hassle free solution getting clothing bedding drapery etc crisp polished look heat second get fabric wrinkle free crisp polished look remove tough wrinkle gentle fabric safely used fabric also used fabric ironing option feature safety auto shut protection shuts steamer water level get low unit becomes hot compact size travel office dimension easy fill water tank convenient easy view water level window illuminated switch heat steam ready second spit free drip free water capacity delivering fifteen minute ultra powerful continuous steam upgraded version enhanced component safer robust performancfd creation,25667
autofirm american fabric waterproof body cover yamaha version heavy duty bike body cover scratchproof dust protection sun protection mirror pocketbuy online autofirm heavy duty yamaha version two wheeler bike scooty body cover strong effective weather bike body cover yamaha version custom fit two wheeler body cover tough long lasting whilst water dust resistant cover designed protect vehicle harsh outdoor condition special yamaha version cover preserve vehicle paint safeguard ding scratch water dust bike body cover fit vehicle style precision feature high quality fabric water resistant dust resistant ray protection ray cause paint fading light weight ease use easily handled match two wheeler bike scooty body profile seamlessly elegant silver check jungle print dual colour silver grey black blue green mehandi colour cover front rear holding elastic center belt proper perfect fitting autofirm make premium top notch auto adornment including vehicle body spread like car body cover bike body cover similarly great foundation guaranteeing top line generation auto frill item autofirm keeping worldwide gauge getting acknowledgment love quality cognizant customer nationyamaha version scratch proof water proof bike body cover keep bike interior cooler affected temperature extreme custom fit heavy quality full size bike body cover make india product designed protect vehicle harsh outdoor condition yamaha version scratch proof water proof bike body cover full leg guard equipped pocket mirror customized fit heavy quality soft fabric keep water resistance dust protect custom fit protect paint damage bird ding scratch etc abrasion resistant material durable wear tear long run high performance fabric naturally resists moisture fungus expels stale odor autofirm authorized seller branded product buyer advised buy unauthorized fraud seller tagged offer product page supplying fake substandard poor quality productautofirm,1971
woman mysore silk printed saree border tassel blouse piecematerial faux georgette saree length blouse saree width inch color may vary due screen setting wash care machine wash product sold one old manufacturing company surat offer product low price end end process manufacture saree belief provide value product customer satisfaction utmost priority companylength woman sari mtr blouse georgette dani evening wear synthetic blouse color per cad image shown separatelymr group,1052
water bottlebottle made food grade odourless material give purest form water without harm made plastic long lasting good quality come cap easy handle openfood grade odourless long lasting easy open durable wash warm water usegeneric,993
nexme printed colorful desi boy smoker smoking man designer back case cover vivo vivonexme print design hard back case provides protection preventing mobile phone dust unnecessary scratch made fit perfect give device maximum protection hard case reinforced proper edge side back prolong life mobile phonenexme mobile back case printed high end korean ink technology cover made high quality premium hard polycarbonate material fully matte finish upgraded style durability case perfectly fit phone made high precision mould covering side corner properly highly accurate cut out port button nexme provides lifetime warranty print quality case color case fade away time provide new case question asked please note warranty color applicable rough usage end nexme case serve excellent gift friend family member colleague light weightnexme,1045
jhingalala unscented wax candle ideal birthday aromatherapy party candle garden home decorsmokeless made high quality micro wax longer burning hour key feature made premium quality virgin paraffin wax micro smokeless burning wick suitable birthday diwali christmas festival care instruction burn candle near inflammable substance light candle wick plastic candle left cause plastic material air smokeless candle white round pillar candle diwali decoration purpose wedding fuctionspack unscented wax pillar candle color blue material pure paraffin wax burning time aprox size smoke pollute house ideal festive season pooja wedding party special eventjhingalala,7797
nexme printed colorful jean pattern cat sweet cat cat designer back case cover xiaomi redmi note pro redmi note pronexme print design hard back case provides protection preventing mobile phone dust unnecessary scratch made fit perfect give device maximum protection hard case reinforced proper edge side back prolong life mobile phonenexme mobile back case printed high end korean ink technology cover made high quality premium hard polycarbonate material fully matte finish upgraded style durability case perfectly fit phone made high precision mould covering side corner properly highly accurate cut out port button nexme provides lifetime warranty print quality case color case fade away time provide new case question asked please note warranty color applicable rough usage end nexme case serve excellent gift friend family member colleague light weightnexme,1045
winter jacket men hoodied vest men zipper men jacket sleeveless casual winter waistcoat mensize chart men size bust shoulder length size bust shoulder length size bust shoulder length size bust shoulder length size bust shoulder length size bust shoulder length size bust shoulder length hoodie sweatshirt men woman hoodies men sweatshirt cute hoodie woman suitable fall wear grey sweatshirt men street wear men hoody men sweatshirt hoody sweatshirt men bottom skin sweatshirt men trench coat winter coat men wool coat trench coat men men jacket coat new winter wool coat men leisure long section woolen coat men pure color casual fashion jacket casual men overcoat autumn winter men jacket fashion casual blend jacket male woolen coat double breasted outerwear coat sweater woman ugly christmas sweater cashmere sweater woman sweater fashion woman christmas sweater pull sweter woman menplease compare detail product description size amazon size chart chart buy sure check size chart carefully choose correct size usually need choose larger size hope nice time shopping thanks season autumn winter gender men vintage harrington jacket adult unisex men lady woman harrington classic retro scooter bomber skin tartan lining coat top size men casual jacket lightweight slim fit bomber jacket coat classic outerwear windbreaker material polyester men winter black warm jacket hooded outwear coat men full zip warm crosshatch jacket padded double layer button winter coat sleeve length sleeveless men spring autumn military slim fit long sleeve cotton casual lightweight zipped drawstring jacket parka trench coat outerwear men cardian cotton knit bomber jacket style raincoat waterproof lightweight active long outdoor hooded men rain jacket get men waistcoat men waterproof jacket rival fitted full zip men warm top new men spring autumn military slim fit long sleeve cotton casual lightweight warm zipped jacket parka trench coat blazer outerwear multi pocket men cotton windbreaker jacket military zipper bomber cargo outwear jacket coat men tactical army outdoor coat camouflage softshell jacket hunting jacket men elegant winter warm short woolen coat business jacket free detachabletitap,890
crystal glitter dream shell soft silicone semi transparent case back cover vivo vivocompatible vivo vivo perfectly match phone make phone personalized absorbing luxury gorgeous cover phone eye catching unique design allows easy access button control port without remove case perfect cutout slim design allow maximize functionality phone vivo vivo designer back cover made fine quality silicon clear gel shine like glass strong shockproof case semi transparent girly cover best suited gold black blue mobile phone functional design exquisite workmanship durable material double enjoyment appearance practicality new glitter crystal case used professional personal beautiful shockproof anto knock scratch resistant case make phone even luxury already hoping gift case loved one friend sister mother daughter right choice think twice buy look amazing available color mineral blue mystic purple colourfunction shockproof anti knock anti skid scratch resistant style fashion stylish accessory case back cover dream shell pattern design phone case design glossy patterned glitter compatible vivo vivokc,1045
comfortable plantar fasciitis night splint achilles tendon support foot brace upgrade adjustable elastic dorsal bare heel design effective relief foot pain massage ballalways suffered horribly plantar fasciitis night caused pain comfortableness foot leg make sweat sleeping lead countless sleepless night night splint lifesaver give quite bit support help relieve pain long day washable breathable without making sweat night light easy travel highly recommend anyone going plantar fasciitis choose plantar fasciitis night splint night foot splint help provide continuous stretch plantar fascia sleeping night indicated help treat plantar fasciitis achilles tendonitis plantar flexion contracture lower leg overuse injury fit like sock strap connects toe ankle provide gentle dorsiflexion stretch constructed comfortable lightweight neoprene material upgraded sponge padding includes open heel breathable cool easy apply adjust fix hook loop strap easy put comfortable wear come spiky ball work well relieving foot stress tiring day committed providing customer higher quality product satisfactory shopping experience question receive fast reply within hour specification item type foot brace material neoprene color black blue function foot corrector bunion corrector toe corrector toe straightener bunion splint toe straightener pain relief package list foot brace elastic strap massage balleffective pain relief dorsal night splint designed foot back sprain postoperative recovery etc provides corrective fixed effect prevents foot drop relief pain promotes sleep never worry waking middle night anymore adjustable stretchy strap adjust foot drop brace splint ensure foot move away rest splint get foot ankle position want achieve best comfort suitable foot ankle right left foot men woman ergonomically design built aluminum strip support adjusted fit instep curve perfectly position foot degree dorsiflexion stretch fascia relief striking first step double pressure strap strong support protect whole instep well massage ball come solid rubber spiky massage ball deep tissue massage foot walking standing work long hour really soothe tiredness pain foot especially great relieving plantar fasciitis pain premium material dorsilflexion night splint adopted perforated lightweight neoprene material upgraded sponge padding allows continuous airflow prevents chafing durable velvet thickened seam long lasting open design help keep foot cool breathable sleepingfilmore,5071
heartly graphic ringstand series case matte dual layer protective hybrid ultra rugged bumper armor shockproof kickstand back case cover samsung galaxy a20s redbuy real designer case super protective enhances look cell phone different already purchased top best phone available india time show let people jaw dropping view draw phone public feature brand new high quality quantity compact elegant stylish protects phone back frame fingerprint scratch dust collision abrasion perfectly match phone shape easy access button control port without remove case easy use lightweight elegant construction stitchinginnovative dual layer protection design hard shell interior soft cover comfortably together total surround defense four corner specially designed protect phone shock anti skid texture anti drop ring grip prevent phone accidental drop impact tough design back tough enough withstand nick scrape everyday life smart ring stand holder build good grip ring holder kickstand hidden ring rotating grip kickstand featured design full artistic sense liberate hand video watching chatting need finger grip phone iron ring prevent phone slipping hand rotating making vertical horizontal stand hand free use shock resistant double layer shock absorption premium bumper smooth defending hardshell raised edge corner work protect phone drop scratch bump soft bumper tough protects back edge phone scratch hit magnetic function used car case come metal patch used magnetic car bracket attracted magnetic car mount holder complex installation step direct adsorption material precise cut premium dual layer hard polycarbonate thermoplastic polyurethane material provide solid texture raised lip design ensures extra stability protection screen camera access control feature charger port speaker camera earphone volume power buttonheartly,1045
jindal party product polka dot finish balloon birthday anniversary wedding party decoration packpolka dot balloon size attractive colour best suitable indoor outdoor party decoration birthday party decoration becomes vibrant colourful polka dot balloon different colour balloon used anywhere anytime people age personalize party helium air foil balloon bring color party great balloon art use liven party venue win heart kid giving balloon party favorbeautiful premium polka dot pink balloon pack assorted color attractive color approximately inch fully blown inflate perfect party decoration birthday decoration anniversary decoration suitable theme occasion look vibrant colorful great small large event decoration use party birthday wedding holiday special occasionjindal party products,110
mromax foam cannon orifice nozzle tip brass universal thread nozzle tip 2pcsfoam cannon work well maybe foam cannon orifice tip damaged blocked replace new one recover universal replacement orifice nozzle tip snow foam lance thick foam generationproduct name foam orifice nozzle tip universal replacement orifice nozzle tip snow foam lance thick foam generation foam cannon work well maybe foam cannon orifice tip damaged blocked replace new one recover package list two standard foam generator nozzle foam blaster committed making sure love purchase reason satisfied please contact make thing rightmromax,684
nexme printed colorful desi boy smoker smoking man designer back case cover samsung galaxy pro samsung pronexme print design hard back case provides protection preventing mobile phone dust unnecessary scratch made fit perfect give device maximum protection hard case reinforced proper edge side back prolong life mobile phonenexme mobile back case printed high end korean ink technology cover made high quality premium hard polycarbonate material fully matte finish upgraded style durability case perfectly fit phone made high precision mould covering side corner properly highly accurate cut out port button nexme provides lifetime warranty print quality case color case fade away time provide new case question asked please note warranty color applicable rough usage end nexme case serve excellent gift friend family member colleague light weightnexme,1045
super hero hoodie superman logo cotton hoodie men hoodies men blueoffer quality casual wear widest variety make easy choose price easy reach excellent service support make shopping easy enjoy product made premium fabric ensure best quality great comfort deal men printed shirt full sleeve shirt polo shirt sweatshirt men adding product keep updated trend keep inventing help keep inventing exciting new experience life made premium cotton pre shrunk bio washed longevity screen printed favourite artwork perfect treat men boy like move stylepremium rich cotton sweatshirt pre shrunk hoodie sweatshirt men offer great comfort stylish look printed high quality skin friendly chemical lay soft durable full colour spectrum print last forever bleeding design type graphic design printed sweatshirt print premium quality durable print check size chart get best fit photo may vary product due monitor setting product tested fabric dimensional stability color fastnessgoxee,5900
astrodidi vrashabh rashi kavach locket taurus zodiac sign pendant kawachvrashabh rashi kavach locket taurus zodiac sign pendant kawach men woman kidvrashabh rashi kavach locket taurus zodiac sign pendant kawach made brass locket real stone rudraksha red thread anybody wear locket attractive look unique design best help wealth prosperity protectionastrodidi,761
makemycollection cigarette printed back cover xiaomigive new style phone designer cover house make collection cover designed smartphone made hard plastic provide protection phone large extent solid back cover sturdy attractive design multy coloredge edge printing printed premium quality shock absorbent access button port available fit completely allow complete easy access button port phone printed sublimation printing technology excellent print quality remains lifetime except timely wear tear designer cover case detachable dual layer beautiful tough use case reduce chance breakagemakemycollection,1045
zuperb lingerie woman racerback sport bra nudezuperb lingerie soft stretchy super breathable bra perfect bra tough enough also slip seamlessly favourite tank shirt whatever else want get day built low medium impact activity day comfortsoft luxurious cotton elastane fabric enables skin breathe hand wash similar colour double layer stretch mould fabric custom fit gently lift around cup racerback bra soft moulded seamless cup internalised covered seam cup avoid irritation sensitive breast tissue modern styling wider armhole provides freedom movement excellent fit premium tagless comfort scratchy labelzuperb lingerie,1117
hot print simba lion sipper water bottle cartoon water bottlehot print simba lion sipper water bottle cartoon water bottlegreat gifting option loved one top quality aluminium metal dishwashing microwaving recommended hand washing advised one sipper bottle water bottle mild detergent bleach recommended preserve quality high resolution printed watter bottlehot print,993
knight kavalier pinch pleated duvet set zipper corner tie egyptian cotton thread count tufted pattern pin tuck decorative comforter quilt coversuper soft luxurious feel super soft comfortable duvet made highest quality cotton designed durable long lasting luxurious perfect bedroom guest room gift loved one durable long lasting comfort duvet set provides lasting vibrancy color matter often washed made high strength pure cotton stay soft silky fade free year soft touch easy care machine washable machine washable dryer safe recommended machine wash gentle cycle cold water sun dry low tumble dry perfect season made breathable yet cozy making ideal choice year round comfortzipper closer duvet cover easy way transform look bedroom simple switch cover available large array color suit anyone need simply swap duvet cover easy change season season cotton fabric make hypo allergenic soft breathable iron easy wrinkle free fade resistant premium comfort heirloom style quality sheet set woven finest craftsmanship reason believe cotton bed sheet set satisfy king duvet cover set includes qty duvet set measuring inch qty standard pillowcase inch aim figure provide saving quality customer absolutely love let know reason unsatisfied simply contact within day return product machine wash cold water similar color tumble dry low bleachknight kavalier,42914
programmer pin pin connectorcompact programmer specially designed atmel controller based usbasp design work multiple platform linux mac window detail visit usbasp website feature programming speed sec option support target low clock speed mhz powered standard pin connector compact design supported device tiny series attiny attiny attiny attiny attiny attiny attiny attiny series atmega series atmega atmega atmega atmega atmega atmega atmega atmega atmega atmega atmega atmega atmega atmega atmega atmega atmega atmega atmega atmega atmega atmega atmega atmega atmega atmega atmega atmega document khazama programmer window driverprogrammer pin pin connectormdfly,534
semtomn front car seat cover set baroque abstract floral watercolor handcrafted folk line boho chic fit vehicle car truck vanseat cover suitable almost normal size seat large size seat soft material keep hip back comfortable long period use let car seat get scuffed stained elastic strap hook bottom seat cover easy installation removal machine washable easy maintain design exquisite seat cover make life full imagination freshness car cushion protect car truck dust stain spill decorate car let pet dog cat family friend enjoy pleasure long journeyincludes front seat cover armrest included polyester fabric comfortable protects inner seat dust leak unique design full imagination decorate car soft material keep hip back comfortable long use easy install clean seat cover bottom hook elastic belt suitable car suv bucket seatsemtomn,594
care car key lexury spare remote maruti car fitted nippon remote one pieceremote work nippon central locking system mostly nippon central locking system used maruti suzuki mahindrafeature detail maruti nippon spare remotethis remote work almost nippon central locking systemremote matching done matching procedure description feature detail maruti nippon spare remotethis remote work almost nippon central locking systemremote matching done matching procedure description content 1pic remote transmitter assembly batterycare-car-key,2282
plus blackamazon renewed product unboxed refurbished condition may little scratch dent renewed product professionally inspected tested fully functional seller product may packed non branded box accessory may original tested compatible fully functionalcertified refurbished product tested work look like new minimal sign wear tear product come relevant accessory except headphone case backed minimum six month supplier backed warranty box may generic expandable upto inch display front camera batterynokia,407
yourig computer accessory christmas shopping carnival national day year day republic day soft silicone watch strap samsung galaxy watch active 20mmwristband replacement soft silicone sport watch strap samsung galaxy watch active accessory specification color grey material high quality silicone moderate softness comfortable wear easy adjust length fit wrist compatible samsung galaxy watch active note please allow differs due manual measurement due different display different light picture may show actual color item thanks understanding package included watch strap samsung galaxy watch activeplease allow 3mm measuring deviation due manual measurement electronic product suitable use time without impact security protection mechanism use also pay attention security quality electronic product absolutely guaranteed warranty period day customer rest assured buy due different monitor light effect actual color item might slightly different color showed picture thankyourig,3099
pantaloon junior girl regular fit shirtcolor name coral material synthetic sleeveless machine washpantaloons junior,4930
shezone beautiful cream color synthetic metarial flatshezone present elegant quality footwear woman like art made best quality material durable comfortable wear shezone offer variety design style unique strap sol stylish shoe perfect inspiration fashionable look comfortable sole make sure foot stay comfortable throughout day enjoy optimal grip designed offer comfort best without compromising style shezone committed deliver finest shoe ever made converting design idea masterpiece work shezonepremium quality casual party wear material synthetic wash care surface dirt cleaned good quality brush damp cloth sole materialshezone,1186
wake bed collection single bed star luxury hotel pocket spring mattress extra comfort zero partner disturbancepocket spring mattress luxury cushiony mattress comfortable sleep zero partner disturbance technology spring mattress individually nested pocket ensure zero partner disturbance use quality spring mattress medium soft make perfect regular household use pocket spring mattress release heat open spring construction ensure adequate air circulation mattress provides great support distributing body weight evenly longer life due individual spring action bonnell spring classic spring unit year proven worth made around hourglass shaped spring tied together form mat round helical crosswise connects twin spring spring unit spring mattress leading edge type mattress provides better support comfort body innovation changed mindset bedding industry globally used hospitality industry world support important characteristic position body correctly restful sleep mattress support body weight evenly surface mattress hip shoulder area accommodated without sagging back therefore buy wake mattress provide basic value spring mattress expected deliver better comfort supportproduct dimension length width thickness 4cm prime material pocket spring high density foam color white premium feel highest coil count finely tempered steel spring covered individual pocket giving enhanced bounce warranty year manufacturer warranty size single sizewake-up,1777
masha woman cotton printed pyjama pinkcertainly look stylish comfy wearing printed cotton woman pajama masha product fabric basic cotton fabric good pajama elasticated waistband comfortable wear sizeregular fit pajama length inc pack waist size inch small medium large large fabric care machine wash cold warm iron bleach dry clean cotton hosiery masha pajama pant treat pure comfort minute slip soft breathable fabric make pant great weathermasha,1185
multi function wallet style handmade magnetic mobile pouch card cash holder slot case nokia plusspecification type luxury wallet style phone case material soft pliable real leather function card pocket dirt resistant anti knock design vintage business plain exotic abstract wallet size retail package yes package size package weight grm feature made soft pliable real leather material good touch feeling provides ultimate protection scratch perfect mold keep device trim trendy soft liner inside phone protection anti scratch facility occasion daily use travel gift shopping party special feature magnetic button lock bill pocket card holder dirt resistant card pocket heavy duty protection anti knock fashion casual design practical purse never style designed multiple slot hold cash card perfect wallet working shopping traveling outdoor activity party casual daily using wonderful gift frienduniversal phone bag case flip leather case magnetic cover real leather flip card slot shell fine clean card slot able contain card four round magnet buckle powerful magnet lock tight protect property brown premium leather pouch case new fashion luxury vintage pop wallet pouch dual layer phone storage multi card slot wallet case function like wallet business travel suitable crafted premium leather pouch durable long lasting add stylish way transport mobile device inner wall consist scratch resistant fabric pouch designed comfortable secure way transport case hand meet storage demand accommodating credit card small currency change small ticket along lovely mobile phone wallet phone case size designed large reserve largest space nokia nokia xiomi iphone google phone etc suite high quality soft genuine real leather ultra slim wallet phone bag case accessory longer use smooth personalityhitfit,1295
saral home powerpuff girl anti skid kid runnersuper cute design brighten kid mood playing home durable mat make play time extra special placed near bedside play area little angel play stretch stay active comfortably mat charming powerpuff girl runner great indoor outdoor decoration runner made polypropylene yarn skin friendly anti slip long lasting also gift mat loved one occasionmade polypropylene yarn anti skid rubber latexed backing colour fast indoor outdoor runnersaral home,447
name rice silver rudraksh design pendant rice grain vial woman menwoman knack jewellery jewelry grab heart male well beautiful unique vintage inspired pendant made purity silver contains rice grain vial design rudraksh grain contain name anyone want personalized per choice art penning grain done help brush writing rice grain coated solution let rot erased even year grain inserted vial kind magnifying oil filled word appear visibly large clear rice grain great source positive energy around grain kept intact one place help special kind thread due word visible front wonderful gift near dear oneadd vintage charm modish look jewellery collection pendant unique art penning rice grain done help brush choose favourite make outstanding statement handmade item personalized per wish unique handcrafted gift loved one would ideal gift different occasion like valentine day wedding engagement birthday anniversary housewarming thanksgiving dailywear etc material purity silver good quality unbreakable glass magnifying oil ideal men woman product dimension package content rice pendant silver chain black thread box customization placing order order find button contact seller click select subject product customization add attachment message click send email send text order riceart along amazon order contact information cancellation processed within hour purchase customized order returned made exclusively customer demand contact issue order shall need proof issue photo customer required pack entire product including packing material invoice accessory returning product case product found damaged used condition accessory missing riceart deny refund customerrice art,761
magical rainbow unicorn glitter sparkle balloon inchdash magic touch sparkle color rainbow adorn magical rainbow unicorn sparkle balloon shimmering pastel colored foil balloon feature iridescent unicorn front back side center balloon bouquet solid pastel colored balloon ultimate shine sparkle bouquetdash magic touch sparkle color rainbow adorn magical rainbow unicorn sparkle balloon shimmering pastel colored foil balloon feature iridescent unicorn front back side center balloon bouquet solid pastel colored balloon ultimate shine sparkle bouquet great small large event decoration use party birthday wedding holiday special occasion blow either mouth air balloon pump helium reuse use one time throw away ideal occasion including birthday anniversaryballoonistics,110
arihant fashion woman cotton lycra stretchable lemon readymade blousearihant fashion represent designer blouse brand known wide range classy ethnic wear collection woman exclusively constructed absolute perfection blouse come three fourth sleeve round neckline blouse contrasting classy plain solid pattern charming blouse surely fetch compliment rich sense style fit wide size range cotton lycra stretchable blouse product image colour delivered colour may slightly different light darkcolor name lemon readymade cotton lycra stretchable saree blouse material cotton lycra premium quality way stretch fabric long cholis casual wear full sleevearihant fashion,1358
14k yellow gold stud earring womanstud earring made 14k yellow gold hallmarked product length width product returned day closure type exactly shown picture hallmark separate certificate inscription made product product set 14k gold verified hallmark item adorned cubic zirconia stone product adorned cubic zirconia stone ugl egl certificate set karat goldavsar,582
allen solly men synthetic blazercolor blue polyester viscose slim fit long sleeve dry cleanallen solly,1627
adidas captake workout session outdoors training cap feature breathable climachill help keep cool dry climalite sweatband sweep moisture away skin hat strap back closure let adjust custom fit protection climalite sweatband sweep sweat away skin climachill keep super cool dry hottest weather medium pre curved brim adjustable back strap buckle closure protection climachill printed inside seam tape black reflective printed eyelet black reflective adidas badge sport front polyester recycled polyester doubleknit product color mystery ink mystery ink black reflective product codetake workout session outdoors training cap feature breathable climachill help keep cool dry climalite sweatband sweep moisture away skin hat strap back closure let adjust custom fit protection climalite sweatband sweep sweat away skin climachill keep super cool dry hottest weather medium pre curved brim adjustable back strap buckle closure protection climachill printed inside seam tape black reflective printed eyelet black reflective adidas badge sport front polyester recycled polyester doubleknit product color mystery ink f17 mystery ink f17 black reflective product codeadidas,472
monte carlo blue solid polyester hood jacketclassy jacket help declare style season definitely deserves place closetfabric polyester pattern solid occassion formalmonte carlo,3937
outlouders funky angry face green eye tiger background designer printed hard back case cover vivooutlouders print design hard back case provides protection preventing mobile phone dust unnecessary scratch made fit perfect give device maximum protection hard case reinforced proper edge side back prolong life mobile phone besides protection also opening precisely made side button charger port dock connector headset jack speaker allow full access function device easy install last long time pattern surface look great perfect case protecting phone scratch shock element kindly note may slight change color design printed case seen website different monitor setting also difference ink transfer rate printer caseproduct quality case handmade item using state art printing process print covering side rest assured print quality superiorest possible standard print quality use high definition ink equipment case made shatterproof superior quality polycarbonate durable impact resistant material reinforced extra strength worry case extremely slim line profile add minimal bulk device protection superb protection exquisite look packed one top notch technical quality complemented high end graphic perfect fit case leaf free access port command located phone outer shell functionality negatively affected outlouders case cover best suited gift item friend family member colleague highly accurate vibrant make one best gift loved oneoutlouders,1045
satisfyshop silicone glove resuable household scrubber scald dishwashing glove 2pcs pair magic washing brush kitchen bed bathroom cleaning toolcleaning glove premium silicone product easy rinse water sterilized hot water realizes bacteria product durable rubber glove used long time used bathroom cleaning pet hair care car washing cleaning beddinghand longer need occupied sponge simply put magic silicone glove rinse water apply soap simply scrub clean hand work extremely well scrub clean dirt away plate cup cutlery carpet floor sink shower tub toilet table cabinet pet hair anything else using free handed motion make much easier clean harder reach spot silicone dishwashing glove also beneficial may suffer hand pain arthritis silicone glove wash scrubber made heat resistant approved silicone coated anti microbial property resist bacteria build great cleaning kitchen dish washing cleaning car scrubber made food grade silicone naturally antibacterial since porous like regular sponge clothsatisfyshop,3503
magic skirt halter tube dress ethnic style cotton wrap around skirt free size purple inch length skirtmaterial cotton length inch size choose right size according waist length measuring tape package content skirt size information choose size waist inch inch choose size waist inch inch choose size waist inch inch choose size waist inch inch choose size waist inch inch choose size waist inch inch choose size waist inch inch choose free size useful waist inch inch waist holdermaterial cotton length inch_____ package content skirt size information choose size waist inch inch choose size waist inch inch choose size waist inch inch choose size waist inch inch choose size waist inch inch choose size waist inch inch choose size waist inch inch choose free size useful waist inch inch waist holderrajvila,1563
digital printed woman sareemaniar,1052
eugle mart octopus shape easy folding hanger drying clothes multi colorhook peg underwear sock glove etc drying rack clothes hanger dry clothes space cloth hanger removable clip ideally used house showroom display purpose retail shop round edge safety purpose season heat resistant colour made high quality plastic materialsuitable clip sock towel underwear scarf short panty shirt small size clothes easy used store undergarment garter clip lingerie fabric sock scarf handkerchief organizer simple fold put away suitable indoor outdoor use light treated help plastic last longer main part polypropylene hook reinforced polypropyleneeugle mart,12308
woman earing blu chumki american diamond traditional party wear giftedwoman girl american diamond blu chumki traditional party wear daily use gift friendsakhi,803
blue genuine leather messenger baglaptop bag designed genuine leather compartment laptop padded sleeve external pocket stylish durable gore kompanero must well dressed men handcrafted traditional method utmost attention detail leather bag reflect excellent taste workback zip pocket adjustable shoulder strap compartment laptop padded sleevekompanero,2093
rotating computer arm rest pad ergonomic adjustable wrist rest extende desk attachable home office mouse pad health care arm supporteasily attache computer desk thick weight forearm distributed large area reduces localized pressure wrist eliminates constant strain muscle neck arm shoulder many computer user experience behind simplicity pad hide useful trick adjusted desired position forearm placed top pad lock place allows stability using mouse use turned completely sideways allowing easy access chair interesting feature pad pad easily lifted completely removed pad affordable armrest great addition keyboard use well two unit installed one side keyboard give complete support forearm armrest extremely portable installs simply quickly disassembled second easily carried briefcase computer bag pad extensively tested strength confident normal use crack breakinstalls desk 5cm thick adaptable right left hand user computer armrest reduces localized pressure wrist eliminates constant strain muscle neck arm shoulder reduce pressure minimize pain extended pad provides comfortable work support surface mouse use good blood circulation healthaddcart,422
daffodil trader pink rectangular fine mesh mosquito net single bed double bed 6x6 insect protection repellent perfect indoors outdoorsdaffodil trader rectangular fine mesh mosquito net double bed made multi filament polyester treated toxic harmful chemical insecticide lightweight compact portable design easy single point installation chemical odour strong perfect outdoor enthusiast international traveler nbsp strong living travelling mosquito endemic area mosquito net must mosquito net provides right kind defence mosquito jumbo mosquito canopy netting fabric fit crib twin full queen sized bed provide best type shield strong strong bored bedroom large mosquito net give instant touch elegance romance decor perfect tent baby bed covering super queen size bed size easy entrance need wake partner middle night entrance generously overlap keeping nasty insect result drape like wonderful canopy bed strong strong get good night rsquo sleep mosquito free bug spray like skin whether hanging curtain queen size bed camping bed hammock rest easy knowing extra fine mesh fabric serf natural mosquito protection insect screen allows freedom harsh chemical providing proper air circulation keeping tiniest bug non impregnated strong portable easy carry strong around protected mosquito insect house even camping visiting friend family town mesh high quality fabric totally breathable also impossible penetrated bugdaffodil trader easy hang perfect tent baby bed covering queen bed size size mosquito net bigger net size double bed easily accommodate bed long lasting due extra cloth bottom extra protection easily washable corrosion resistant self supporting requirement nail easily folded carried away place airflow mosquito net easy wash folddaffodils traders,1236
fitshoe present casual shoe woman shoe womanfitshoe dedicated designing high quality durable product beyond expected service customer around world walk style confidence wearing shoe fitshoe shoe designed style comfort believe stylish product meet expectation various shoe choose weather looking loafer fashion sneaker everyday formal shoe featuring synthetic upper lining lace ups durable comfortable wear voguishly designed trendy shoe well skirt dress jean shortwalk full confidence also spread charm wearing shoe lifestyle woman girl casual wear shoe party wear shoe occasion stylish casual shoe woman girl attractive look light weight shoe care instruction rotate pair shoe every day allowing odorize retain shape use shoe bag prevent stain mildew wipe clean dry cloth remove dirt keep plastic bag airtight boxkasa,1538
woman sky blue flip flopouter material plastic closure type slip toe style open toe warranty type manufacturer warranty description dayparagon,311
drain basin sink deodorizer clog odour remover sewer cleaning stick kitchen packkeep drain clear drain stick stay pipe trap prevent grease organic material building effectively prevents drain clogging keep drain clear odor free year long drop one stick drain pipe dissolve water long time slowly release blend enzyme break food grease hair organic material prevent clog occurring almost hand free plumbing work without hassle using snake device smell choice color drain stick sometimes call sink stick function effect choose sink freshener need color drain stick sometimes call sink stick function effect choose sink freshener need simply drop one sink stick drain home kitchen bathroom toilet laundry room month saving expensive plumber brand new high quality perfect break digest organic deposit grease buildup easy use keep kitchen bathroom utility drain clear keep drain clear odor freesanitation stick proprietary blend powerful enzyme break grease fat oil soap scum food keep sink clean sanitation stick safe non toxic drain stick contain ingredient lipase amylase protease powerful enzyme eliminates digest grease oil fat scum food quickly easy drain cleaning gunk stuck inside drain stand chance bio flow enzyme drain clog achieve fresh smelling drain avoid odour scented drain cleaner stick toxic free user friendly method effectively prevent clog dispel unpleasant odour well stop clog backup improve water flow drain ease use drain cleaner stick surely help reduce plumbing cost simple sanitary yet effective way say goodbye high plumbing cost hassle using snake device couple dollar get excellent clog remover well deodorizers help unclog drain freshen house drain pipe take one cleaner stick measure inch strip organic enzyme applied enzymatic drain cleaner keep effective long one month work use regularly keep kitchen bathroom drain running smoothly package contains packhariswarup,3193
amul cow ghee 200mlmade farm fresh milk rich aroma granular texture pure cow ghee wonderful taste unique flavour fragrance used prepare different dishrich source vitamin rich taste high aroma made pure cow milk good source energy provides vitality human bodyamul,6805
amazon brand jam honey boy checkered regular fit shirtcolor name red cotton long sleeve machine washamazon brand - jam & honey,1318
woman feeding bra full cup hosiery cotton breastfeeding nursing maternity combo packproduct name sona breastfeeding maternity bra milk feeding elastic strap white cotton breast feeding bra nursing woman product key brand new high quality gender woman girl type nursing bra material cotton package include bra product specification bra made superior quality body friendly fabric high sweat absorbing capacity keeping dry day long even hot season brand innovative product international styling scintillating range bra highly appreciated demanded widely every woman love perfect coverage smooth fit feature soft fabric adjustable strap beautiful fit coverage perfect coverage smooth fit smooth cup design give natural profile product description fabric panel rigid tape tape used part embroidered fabric cup offer good coverage side shaping panel along cup offer full coverage minimise extra flesh non wired comfort double layer fabric lower panel cup uplift bust sweat absorbent broad underband prevents bra shifting broad side wing perfect fit elasticated shoulder strap slider adjustmaternity nursing feeding bra coverage shape back cotton non wired normal strapsona,1508
woman basic sexy solid scoop neck slim fit sleeve crop top small blackblazze woman scoop neck crop top plain solid color basic type great wear jean short soft comfy slim fit cotton fabric casual good summer workout please refer last picture size guide carefully purchasingmaterial cotton slim fit solid color basic type scoop neck short sleeve crop top wear crop top shirt cardigan sweater fashionable layered look summer wear along favorite pair short perfect shirt layering wear alone please refer last picture size guide carefully purchasingthe blazze,1194
kpop merch ateez treasure episode one illusion verateez treasure episode one illusion verateez treasure episode one illusion ver contains photobook sticker sheet folded poster postcard photocard official product sale counted hanteo gaon hanteo family numberkpop merch,5425
madhav textile woman banarasi cotton silk saree blouse pieceexplore collection beautifully designed saree madhav textile amazon piece elegantly crafted surely add wardrobe pair piece heel flat graceful lookwoven silk blouse piece length mtr saree mtr blouse mtr premium quality superb saree blouse piece slight variation color may possible due photographic effect madhav textile provided original productmadhav textiles,1052
auto snap inch full touch screen double din player android gorilla glass display car stereo navigation mirror link compatible ertigafully capacitive touch screen control build bluetooth hand free phone book steaming phone music radio inch super high definition digital screen android oreo system quad core ghz built flash memory built watt max power output mosfet amplifier bulit bass treble channel stabillizer scratch resistant gorilla glass immersive display view angle degree viewing angle support mirror link compatible android apple display phone screen inch digital touch screen exactly suitable power auto memory store function support wifi provides entertainment download navigation app make car become navigator fun supporting rear view input function safer driving bluetooth hand free operation music stream frequency range mhz video recording format multi language english deutsch french italian spanish portuguese russian korean japanesee chinese etcfull touch screen display compatible vehicle specially designed new ertiga camera car medium player connector connector cable power connector audio output harness input harness reversing video adapter cable adapter cable adapter cable stereo fuse camera cable opening box anything missing please contact helpline number warranty day replacement warranty month warranty easy warranty claim also enjoy month extended warranty product review amazon auto snap golden feature gorilla glass make scratch resistant high resolution display key feature android system bluetooth mirror link voice calling via bluetooth mosfet output 54wattsx4 inch touch screen high definition range power auto memory store function reverse parking input function bass treble channel stabilizer port mirror link supported android apple google play store youtube online offline gaming online offline map video output amplifauto snap,4803
parkin blister pack tabletcomposition uncoated tablet contain trihexyphenidyl hydrochloride dosage directed physician storage instruction store dry dark place temperature exceeding manufactured marketed micro lab ltd warning sold retail prescription registered medical practitioner caution avoid alcoholic beverageparkin,34219
myblush woman cotton straight kurtacolor name yellow material cotton cap sleeve straight fit calf length hand wash inchmyblush,1251
ralph sampson mid winter glimmer puma team silver puma whitemid height construction ankle support lightweight design puma reg ralph sampson mid winter glimmer sneaker update classic silhouette fashion forward detail strong inspired basketball legend ralph sampson strong iridescent leather upper lace closure padded tongue collar comfort comfortable textile lining padded footbed provide day comfort formstrip logo lateral medial side contrast logo tongue side heel textured rubber sole provides traction grip imported class measurement measurement weight product measurement taken using size width medium please note measurement may vary size weight footwear based single item pairskupuma,89
watt rechargeable laser head lamp torchenergy rechargeable head lamp quality bright dual mode full featured head lamp torch multipurpose used outdoor home hiking trekking travel bicycle night riding camping etc usage instruction turn head torch press button top increase power turn increase brightness head torch press button charge head torch unwind round pin wire given along plug one end wire battery charging jack unit plug end wire standard power socket small indicator given near button indicates charging fully charged unplug wire power socket wind keep safe place avoid looking directly strong beam take hour charge built rechargeable battery inside unit completely continuous light hour fully charged specification power source battery mah light source laserenergy rechargeable head lamp quality bright dual mode full featured head lamp torch multipurpose used outdoor home hiking trekking travel bicycle night riding camping etc usage instruction turn head torch press button top increase power turn increase brightness head torch press button power source battery 1000mah light source laserenergy,630
silver leaf design decorative diyalifelong ideal gift beloved care beautiful minakari work used diya pooja room gifting purpose magnificent piece state artsuper premium fine handicrafted diya drawing room attraction aristocratic gift tempel item ideal puja prayer auspicious occasion festival india lifelong ideal gift beloved cares m,2019
lize velvet touch cut side protection sleek case back cover motorola moto plus blacklize case cover fall sought phone case cover market cover manufactured use top grade material technology resulting product impeccable finishing quality cover beautifully design elegant appearance powerful protection combined one rare case cover soft grip case non slippery rubber coating give velvet touch feel feel smooth soft hold phone protectionone case easy access design tailored cutout responsive button case especially designed keep device protected sudden drop scratch case completely cover side device keeping edge protected eco friendly design made high grade environment material superior finish patent applied embedded infused color technology industry proven quality testing eight stage reliability test perfect grip area near fingerprint sensor technically designed slightly underneath ergonomic design interfere finger scanner loosens time hard case extremely thin profile yet ultra tough highly durable due eco friendly high density polycarbonate used sweat fingerprint proof anti dust washable tear resistant feature upper lip build design help protect screen face flat surfacelize,1045
coberta printed back cover vivo back cover case love momcoberta printed designer back case cover made polycarbonate material durable light weight ensures sleek compact look phone every cover printed excellent designed way perfectly fit onto back phoneprovides sleek compact look m30s printed back cover durable light weight easy use handle precise cutting easy access button port mobile phone hard case fit perfectly device permanent print chipping peeling print cover visible area case including sidecoberta,1045
lenovo yoga laptop intel inch 1920x1080 touchscreen win10 home 720p webcam backlit fingerprint reader slim tip adapterprocessor intel core 6ghz memory soldered graphic integrated intel graphic storage pcie display 1920x1080 300nits anti glare point multi touch screen operating system window home english color iron greylenovo,875
mahima handicraft sheesham wood console table storage shelf wooden console table living roomdecorate sofa side bed side passage sophisticated stylish end table round edge display decorative accent great displaying picture decorative piece book made high quality sheesham wood long term usagemade india sheesham wood product crafted finest quality sheesham wood great displaying picture decorative piece book assembly assembly required product come pre assembled state give home luxurious look wooden beside table highly durable provide customization color size product detail drop message dimension 15dxmahima handicraft,9457
red green stone one gram gold plated copper south indian traditional jewellery round shape pendant long haram necklace set drop earring womansouth indian traditional jewelry set one gram gold jewelry set temple jewelry set kemp jewelry set elegant classic ornate silhouette beautifully festive wear ethnic traditional outfit look good feel good necklace set copper ethnic wear festive wear gold red green long haram necklace stud earring geometric design handmade artificial stone gold plating necklace dori necklace pair earring earring avoid contact chemical perfume spray avoid contact water use butter paper cotton cloth store jewellery longer product life product color may slightly vary due photographic lighting source screen settingone gram gold jewellery long necklace set indian traditional jewellery south indian jewelry gold plated jewelryavismaya,2140
outlouders cute yellow black floral flower white background designer printed hard back case cover samsung galaxyoutlouders print design hard back case provides protection preventing mobile phone dust unnecessary scratch made fit perfect give device maximum protection hard case reinforced proper edge side back prolong life mobile phone besides protection also opening precisely made side button charger port dock connector headset jack speaker allow full access function device easy install last long time pattern surface look great perfect case protecting phone scratch shock element kindly note may slight change color design printed case seen website different monitor setting also difference ink transfer rate printer caseproduct quality case handmade item using state art printing process print covering side rest assured print quality superiorest possible standard print quality use high definition ink equipment case made shatterproof superior quality polycarbonate durable impact resistant material reinforced extra strength worry case extremely slim line profile add minimal bulk device protection superb protection exquisite look packed one top notch technical quality complemented high end graphic perfect fit case leaf free access port command located phone outer shell functionality negatively affected outlouders case cover best suited gift item friend family member colleague highly accurate vibrant make one best gift loved oneoutlouders,1045
igadg car rodent mouse rat repellent repeller vehicle hood bootcar mouse repeller volt powered device releasing proprietary various ultrahigh frequency noise deter mouse nesting automobile optional strengthened ultrasonic wave electromagnetic wave surrounded strong bright led flashing hood stimulate mouse visual system stepped drive mouse away durable car repeller designed stable harsh environment well zero temperature canada hot hood temperature arizona car mouse repeller designed step easily mounting unit run exclusively vehicle battery running month vehicle without draining battery auto car started car mouse repeller trusted hundred thousand new car dealer independent repair shop auto part retailer work great protecting new vehicle mouse damage covered new car warranty use mouse blocker camper car truck motorcycle tractor virtually anywhere power supplyultrasonic mouse hood repeller stepped ultrasonic electromagnetic wave operating drive away mouse rat spider rodent car hood effective effective safe way drive rat away strengthen variable ultrasonic wave strong surrounded hood stimulate disturb rodent hearing visual system keep away car toxic trapping killing step easy mounting hood smart low battery volt protection repeller stop car battery low volt auto car started energy saving technology operates well even car rest dayigadg- making life simple,3633
men round neck tshirtblacksimple cool easy printed shirt men coming house esa fabricated finest breathable fabric shirt provides utmost comfort wear pair jean formal trouser chino complete look forget wear shoe jazz whole look pair sunglassesa,5
men woman ankle length sockwoolen premium fawn color sock creatively designed woman sock sure keep ease day long addition pair sock casual enjoy warmth without compromising freshness stay comfortable day long pamper foot perfect way sock pair favourite outfit look comfortably fashionable stylish comfortable standard length sock keep comfortablematerial cotton blend medium width pair size standard made soft elastic sock suitable summer winter pair favourite outfit look comfortably fashionablepanv,2767
khushal woman cotton printed kurta palazzo setkhushal today loved ethnic wear brand india khushal one fashion destination brings together style woman wear clothing one place giving wider selection trending style khushal designer always add new style acceptable modern indian womankurta fabric cotton palazzo fabric cotton package content kurta palazzo please click brand name khushal product please confirm size ordering product using size chart enclosed product might minor color variation actual product image shown screen due lighting photographykhushal k,1251
jikrik watt side pink white round surface panel light ceiling effect lighting set pieceside pink surface panel light watt white watt pink color color changed switch switch white color second time switch pink color third time switch white pink color easy use decorative product double colorwatt panel round surface double color effect white pink color changed flip electric switch color set per desired pink white watt white light plus watt pink product size high power factor lower electricity consumptionjikrik,2490
